-- MySQL Script generated by MySQL Workbench
-- Sun Feb 16 12:39:37 2020
-- Model: New Model    Version: 1.0
-- MySQL Workbench Forward Engineering

SET @OLD_UNIQUE_CHECKS=@@UNIQUE_CHECKS, UNIQUE_CHECKS=0;
SET @OLD_FOREIGN_KEY_CHECKS=@@FOREIGN_KEY_CHECKS, FOREIGN_KEY_CHECKS=0;
SET @OLD_SQL_MODE=@@SQL_MODE, SQL_MODE='ONLY_FULL_GROUP_BY,STRICT_TRANS_TABLES,NO_ZERO_IN_DATE,NO_ZERO_DATE,ERROR_FOR_DIVISION_BY_ZERO,NO_ENGINE_SUBSTITUTION';

-- -----------------------------------------------------
-- Schema VIPRR
-- -----------------------------------------------------

-- -----------------------------------------------------
-- Schema VIPRR
-- -----------------------------------------------------
CREATE SCHEMA IF NOT EXISTS `VIPRR` DEFAULT CHARACTER SET utf8 ;
-- -----------------------------------------------------
-- Schema new_schema1
-- -----------------------------------------------------
USE `VIPRR` ;

-- -----------------------------------------------------
-- Table `VIPRR`.`Available_Courses`
-- -----------------------------------------------------
CREATE TABLE IF NOT EXISTS `VIPRR`.`Available_Courses` (
  `CRN` INT NOT NULL,
  `Course_Code` VARCHAR(6) NOT NULL,
  `Start_Date` DATE NOT NULL,
  `End_Date` DATE NOT NULL,
  `Course_Time` TIME NOT NULL,
  `Days_Of_The_Week` VARCHAR(3) NOT NULL,
  `Course_Term` VARCHAR(3) NULL,
  PRIMARY KEY (`CRN`))
ENGINE = InnoDB;


-- -----------------------------------------------------
-- Table `VIPRR`.`Curriculum`
-- -----------------------------------------------------
CREATE TABLE IF NOT EXISTS `VIPRR`.`Curriculum` (
  `Curriculum_ID` VARCHAR(4) NOT NULL,
  `Maj_Code` VARCHAR(3) NOT NULL,
  `Course_Code` VARCHAR(6) NOT NULL,
  `Course_Seq` INT(1) NOT NULL,
  `Prereq_ID` VARCHAR(45) NOT NULL,
  `Course_Desc` VARCHAR(30) NOT NULL,
  PRIMARY KEY (`Curriculum_ID`))
ENGINE = InnoDB;


-- -----------------------------------------------------
-- Table `VIPRR`.`Final_Schedule`
-- -----------------------------------------------------
CREATE TABLE IF NOT EXISTS `VIPRR`.`Final_Schedule` (
  `CWID` VARCHAR(9) NOT NULL,
  `CRN` INT NOT NULL,
  `Date_Registered` DATE NOT NULL,
  PRIMARY KEY (`CWID`))
ENGINE = InnoDB;


-- -----------------------------------------------------
-- Table `VIPRR`.`Major`
-- -----------------------------------------------------
CREATE TABLE IF NOT EXISTS `VIPRR`.`Major` (
  `Maj_Code` VARCHAR(3) NOT NULL,
  `Major_Desc` VARCHAR(3) NULL,
  PRIMARY KEY (`Maj_Code`))
ENGINE = InnoDB;


-- -----------------------------------------------------
-- Table `VIPRR`.`Student`
-- -----------------------------------------------------
CREATE TABLE IF NOT EXISTS `VIPRR`.`Student` (
  `CWID` VARCHAR(9) NOT NULL,
  `Maj_Code` VARCHAR(3) NOT NULL,
  `Stu_F_Name` VARCHAR(25) NOT NULL,
  `Stu_L_Name` VARCHAR(25) NOT NULL,
  PRIMARY KEY (`CWID`))
ENGINE = InnoDB;


-- -----------------------------------------------------
-- Table `VIPRR`.`Student_To_Curriculum`
-- -----------------------------------------------------
CREATE TABLE IF NOT EXISTS `VIPRR`.`Student_To_Curriculum` (
  `CWID` VARCHAR(9) NOT NULL,
  `Curriculum_ID` VARCHAR(4) NOT NULL,
  PRIMARY KEY (`CWID`, `Curriculum_ID`))
ENGINE = InnoDB;


-- -----------------------------------------------------
-- Table `VIPRR`.`Transcript`
-- -----------------------------------------------------
CREATE TABLE IF NOT EXISTS `VIPRR`.`Transcript` (
  `CWID` VARCHAR(9) NOT NULL,
  `Maj_Code` VARCHAR(3) NOT NULL,
  `Curriculum_ID` VARCHAR(4) NOT NULL,
  `Course_Comp` VARCHAR(1) NOT NULL,
  `Term_Completed` VARCHAR(3) NOT NULL,
  `Course_Grade` VARCHAR(2) NOT NULL,
  `Course_Code` VARCHAR(6) NOT NULL,
  PRIMARY KEY (`CWID`))
ENGINE = InnoDB;


SET SQL_MODE=@OLD_SQL_MODE;
SET FOREIGN_KEY_CHECKS=@OLD_FOREIGN_KEY_CHECKS;
SET UNIQUE_CHECKS=@OLD_UNIQUE_CHECKS;

-- -----------------------------------------------------
-- Data for table `VIPRR`.`Available_Courses`
-- -----------------------------------------------------
START TRANSACTION;
USE `VIPRR`;
INSERT INTO `VIPRR`.`Available_Courses` (`CRN`, `Course_Code`, `Start_Date`, `End_Date`, `Course_Time`, `Days_Of_The_Week`, `Course_Term`) VALUES (456984, 'CIS110', '2019-08-26', '2019-12-13', '11:30', 'TTR', 'F19');
INSERT INTO `VIPRR`.`Available_Courses` (`CRN`, `Course_Code`, `Start_Date`, `End_Date`, `Course_Time`, `Days_Of_The_Week`, `Course_Term`) VALUES (678595, 'CIS120', '2019-08-26', '2019-12-13', '14:30', 'TTR', 'F19');
INSERT INTO `VIPRR`.`Available_Courses` (`CRN`, `Course_Code`, `Start_Date`, `End_Date`, `Course_Time`, `Days_Of_The_Week`, `Course_Term`) VALUES (675930, 'CIS332', '2020-01-21', '2020-05-08', '9:30', 'TTR', 'S20');
INSERT INTO `VIPRR`.`Available_Courses` (`CRN`, `Course_Code`, `Start_Date`, `End_Date`, `Course_Time`, `Days_Of_The_Week`, `Course_Term`) VALUES (648902, 'CIS330', '2019-08-26', '2019-12-13', '11:00', 'TTR', 'F19');
INSERT INTO `VIPRR`.`Available_Courses` (`CRN`, `Course_Code`, `Start_Date`, `End_Date`, `Course_Time`, `Days_Of_The_Week`, `Course_Term`) VALUES (562940, 'CIS490', '2019-08-26', '2019-12-13', '14:00', 'TTR', 'F19');
INSERT INTO `VIPRR`.`Available_Courses` (`CRN`, `Course_Code`, `Start_Date`, `End_Date`, `Course_Time`, `Days_Of_The_Week`, `Course_Term`) VALUES (612093, 'CIS492', '2020-01-21', '2020-05-08', '12:30', 'TTR', 'S20');
INSERT INTO `VIPRR`.`Available_Courses` (`CRN`, `Course_Code`, `Start_Date`, `End_Date`, `Course_Time`, `Days_Of_The_Week`, `Course_Term`) VALUES (456392, 'CIS341', '2020-01-21', '2020-05-08', '18:00', 'W', 'S20');
INSERT INTO `VIPRR`.`Available_Courses` (`CRN`, `Course_Code`, `Start_Date`, `End_Date`, `Course_Time`, `Days_Of_The_Week`, `Course_Term`) VALUES (345627, 'CIS305', '2020-01-21', '2020-05-08', '15:30', 'TTR', 'S20');

COMMIT;


-- -----------------------------------------------------
-- Data for table `VIPRR`.`Curriculum`
-- -----------------------------------------------------
START TRANSACTION;
USE `VIPRR`;
INSERT INTO `VIPRR`.`Curriculum` (`Curriculum_ID`, `Maj_Code`, `Course_Code`, `Course_Seq`, `Prereq_ID`, `Course_Desc`) VALUES ('7489', 'CIS', 'CIS110', 1, DEFAULT, 'Introduction to Information Systems');
INSERT INTO `VIPRR`.`Curriculum` (`Curriculum_ID`, `Maj_Code`, `Course_Code`, `Course_Seq`, `Prereq_ID`, `Course_Desc`) VALUES ('7489', 'CIS', 'CIS120', 1, DEFAULT, 'Application Programming I');
INSERT INTO `VIPRR`.`Curriculum` (`Curriculum_ID`, `Maj_Code`, `Course_Code`, `Course_Seq`, `Prereq_ID`, `Course_Desc`) VALUES ('7489', 'CIS', 'CIS341', 3, '', 'CISCO CCNA');
INSERT INTO `VIPRR`.`Curriculum` (`Curriculum_ID`, `Maj_Code`, `Course_Code`, `Course_Seq`, `Prereq_ID`, `Course_Desc`) VALUES ('7489', 'CIS', 'CIS299', 4, 'CIS110', 'Systems Analysis I');
INSERT INTO `VIPRR`.`Curriculum` (`Curriculum_ID`, `Maj_Code`, `Course_Code`, `Course_Seq`, `Prereq_ID`, `Course_Desc`) VALUES ('7489', 'CIS', 'CIS352', 4, DEFAULT, 'Global, Economic, and Social Ethical Issues in Computing');
INSERT INTO `VIPRR`.`Curriculum` (`Curriculum_ID`, `Maj_Code`, `Course_Code`, `Course_Seq`, `Prereq_ID`, `Course_Desc`) VALUES ('7489', 'CIS', 'CIS354', 5, 'CIS299', 'Systems Project Management');
INSERT INTO `VIPRR`.`Curriculum` (`Curriculum_ID`, `Maj_Code`, `Course_Code`, `Course_Seq`, `Prereq_ID`, `Course_Desc`) VALUES ('7489', 'CIS', 'CIS321', 5, 'CIS299', 'Database Management and Design');
INSERT INTO `VIPRR`.`Curriculum` (`Curriculum_ID`, `Maj_Code`, `Course_Code`, `Course_Seq`, `Prereq_ID`, `Course_Desc`) VALUES ('7489', 'CIS', 'CIS330', 5, 'CIS220', 'Web Programming I');
INSERT INTO `VIPRR`.`Curriculum` (`Curriculum_ID`, `Maj_Code`, `Course_Code`, `Course_Seq`, `Prereq_ID`, `Course_Desc`) VALUES ('7489', 'CIS', 'CIS322', 6, 'CIS321', 'Database Application Development');
INSERT INTO `VIPRR`.`Curriculum` (`Curriculum_ID`, `Maj_Code`, `Course_Code`, `Course_Seq`, `Prereq_ID`, `Course_Desc`) VALUES ('7489', 'CIS', 'CIS332', 6, 'CIS330', 'Web Programming II');
INSERT INTO `VIPRR`.`Curriculum` (`Curriculum_ID`, `Maj_Code`, `Course_Code`, `Course_Seq`, `Prereq_ID`, `Course_Desc`) VALUES ('7489', 'CIS', 'CIS490', 7, 'CIS330, CIS322', 'Systems Analysis II');
INSERT INTO `VIPRR`.`Curriculum` (`Curriculum_ID`, `Maj_Code`, `Course_Code`, `Course_Seq`, `Prereq_ID`, `Course_Desc`) VALUES ('7489', 'CIS', 'CIS492', 8, 'CIS490, CIS332, CIS322', 'Systems Development and Implementation ');
INSERT INTO `VIPRR`.`Curriculum` (`Curriculum_ID`, `Maj_Code`, `Course_Code`, `Course_Seq`, `Prereq_ID`, `Course_Desc`) VALUES ('7489', 'CIS', 'CIS308', DEFAULT, 'CIS120', 'Python');

COMMIT;


-- -----------------------------------------------------
-- Data for table `VIPRR`.`Major`
-- -----------------------------------------------------
START TRANSACTION;
USE `VIPRR`;
INSERT INTO `VIPRR`.`Major` (`Maj_Code`, `Major_Desc`) VALUES ('CIS', 'Computer Information Systems');
INSERT INTO `VIPRR`.`Major` (`Maj_Code`, `Major_Desc`) VALUES ('CIS', 'Computer Information Systems');
INSERT INTO `VIPRR`.`Major` (`Maj_Code`, `Major_Desc`) VALUES ('CIS', 'Computer Information Systems');
INSERT INTO `VIPRR`.`Major` (`Maj_Code`, `Major_Desc`) VALUES ('CIS', 'Computer Information Systems');
INSERT INTO `VIPRR`.`Major` (`Maj_Code`, `Major_Desc`) VALUES ('CIS', 'Computer Information Systems');
INSERT INTO `VIPRR`.`Major` (`Maj_Code`, `Major_Desc`) VALUES ('CIS', 'Computer Information Systems');
INSERT INTO `VIPRR`.`Major` (`Maj_Code`, `Major_Desc`) VALUES ('CIS', 'Computer Information Systems');

COMMIT;


-- -----------------------------------------------------
-- Data for table `VIPRR`.`Student`
-- -----------------------------------------------------
START TRANSACTION;
USE `VIPRR`;
INSERT INTO `VIPRR`.`Student` (`CWID`, `Maj_Code`, `Stu_F_Name`, `Stu_L_Name`) VALUES ('C23940571', 'CIS', 'John', 'Del Bianco');
INSERT INTO `VIPRR`.`Student` (`CWID`, `Maj_Code`, `Stu_F_Name`, `Stu_L_Name`) VALUES ('C43022879', 'CIS', 'Anthony', 'Putz');
INSERT INTO `VIPRR`.`Student` (`CWID`, `Maj_Code`, `Stu_F_Name`, `Stu_L_Name`) VALUES ('C10135866', 'CIS', 'Dave', 'Klabnik');
INSERT INTO `VIPRR`.`Student` (`CWID`, `Maj_Code`, `Stu_F_Name`, `Stu_L_Name`) VALUES ('C20957283', 'CIS', 'Nathan', 'Teacher');
INSERT INTO `VIPRR`.`Student` (`CWID`, `Maj_Code`, `Stu_F_Name`, `Stu_L_Name`) VALUES ('C38475920', 'CIS', 'Chloe', 'Lagos');
INSERT INTO `VIPRR`.`Student` (`CWID`, `Maj_Code`, `Stu_F_Name`, `Stu_L_Name`) VALUES ('C14869607', 'CIS', 'Sarah', 'Wilkins');
INSERT INTO `VIPRR`.`Student` (`CWID`, `Maj_Code`, `Stu_F_Name`, `Stu_L_Name`) VALUES ('C75843921', 'CIS', 'Rachel', 'Thomas');

COMMIT;


-- -----------------------------------------------------
-- Data for table `VIPRR`.`Student_To_Curriculum`
-- -----------------------------------------------------
START TRANSACTION;
USE `VIPRR`;
INSERT INTO `VIPRR`.`Student_To_Curriculum` (`CWID`, `Curriculum_ID`) VALUES ('C23940571', '7489');
INSERT INTO `VIPRR`.`Student_To_Curriculum` (`CWID`, `Curriculum_ID`) VALUES ('C43022879', '7489');
INSERT INTO `VIPRR`.`Student_To_Curriculum` (`CWID`, `Curriculum_ID`) VALUES ('C10135866', '7489');
INSERT INTO `VIPRR`.`Student_To_Curriculum` (`CWID`, `Curriculum_ID`) VALUES ('C20957283', '7489');
INSERT INTO `VIPRR`.`Student_To_Curriculum` (`CWID`, `Curriculum_ID`) VALUES ('C38475920', '7489');
INSERT INTO `VIPRR`.`Student_To_Curriculum` (`CWID`, `Curriculum_ID`) VALUES ('C14869607', '7489');
INSERT INTO `VIPRR`.`Student_To_Curriculum` (`CWID`, `Curriculum_ID`) VALUES ('C75843921', '7489');

COMMIT;


-- -----------------------------------------------------
-- Data for table `VIPRR`.`Transcript`
-- -----------------------------------------------------
START TRANSACTION;
USE `VIPRR`;
INSERT INTO `VIPRR`.`Transcript` (`CWID`, `Maj_Code`, `Curriculum_ID`, `Course_Comp`, `Term_Completed`, `Course_Grade`, `Course_Code`) VALUES ('C23940571', 'CIS', '7489', 'Y', 'F19', 'A', 'CIS110');
INSERT INTO `VIPRR`.`Transcript` (`CWID`, `Maj_Code`, `Curriculum_ID`, `Course_Comp`, `Term_Completed`, `Course_Grade`, `Course_Code`) VALUES ('C23940571', 'CIS', '7489', 'Y', 'F19', 'C', 'CIS120');
INSERT INTO `VIPRR`.`Transcript` (`CWID`, `Maj_Code`, `Curriculum_ID`, `Course_Comp`, `Term_Completed`, `Course_Grade`, `Course_Code`) VALUES ('C23940571', 'CIS', '7489', 'A', 'S20', '', 'CIS220');
INSERT INTO `VIPRR`.`Transcript` (`CWID`, `Maj_Code`, `Curriculum_ID`, `Course_Comp`, `Term_Completed`, `Course_Grade`, `Course_Code`) VALUES ('C14869607', 'CIS', '7489', 'Y', 'F16', 'A', 'CIS110');
INSERT INTO `VIPRR`.`Transcript` (`CWID`, `Maj_Code`, `Curriculum_ID`, `Course_Comp`, `Term_Completed`, `Course_Grade`, `Course_Code`) VALUES ('C14869607', 'CIS', '7489', 'Y', 'F16', 'B', 'CIS120');
INSERT INTO `VIPRR`.`Transcript` (`CWID`, `Maj_Code`, `Curriculum_ID`, `Course_Comp`, `Term_Completed`, `Course_Grade`, `Course_Code`) VALUES ('C14869607', 'CIS', '7489', 'Y', 'S17', 'C', 'CIS220');
INSERT INTO `VIPRR`.`Transcript` (`CWID`, `Maj_Code`, `Curriculum_ID`, `Course_Comp`, `Term_Completed`, `Course_Grade`, `Course_Code`) VALUES ('C14869607', 'CIS', '7489', 'Y', 'F17', 'B-', 'CIS341');
INSERT INTO `VIPRR`.`Transcript` (`CWID`, `Maj_Code`, `Curriculum_ID`, `Course_Comp`, `Term_Completed`, `Course_Grade`, `Course_Code`) VALUES ('C14869607', 'CIS', '7489', 'Y', 'S18', 'A-', 'CIS299');
INSERT INTO `VIPRR`.`Transcript` (`CWID`, `Maj_Code`, `Curriculum_ID`, `Course_Comp`, `Term_Completed`, `Course_Grade`, `Course_Code`) VALUES ('C14869607', 'CIS', '7489', 'Y', 'S18', 'B+', 'CIS352');
INSERT INTO `VIPRR`.`Transcript` (`CWID`, `Maj_Code`, `Curriculum_ID`, `Course_Comp`, `Term_Completed`, `Course_Grade`, `Course_Code`) VALUES ('C14869607', 'CIS', '7489', 'Y', 'F18', 'A-', 'CIS321');
INSERT INTO `VIPRR`.`Transcript` (`CWID`, `Maj_Code`, `Curriculum_ID`, `Course_Comp`, `Term_Completed`, `Course_Grade`, `Course_Code`) VALUES ('C14869607', 'CIS', '7489', 'Y', 'F18', 'B+', 'CIS330');
INSERT INTO `VIPRR`.`Transcript` (`CWID`, `Maj_Code`, `Curriculum_ID`, `Course_Comp`, `Term_Completed`, `Course_Grade`, `Course_Code`) VALUES ('C14869607', 'CIS', '7489', 'Y', 'F18', 'C', 'CIS354');
INSERT INTO `VIPRR`.`Transcript` (`CWID`, `Maj_Code`, `Curriculum_ID`, `Course_Comp`, `Term_Completed`, `Course_Grade`, `Course_Code`) VALUES ('C14869607', 'CIS', '7489', 'Y', 'S19', 'C-', 'CIS322');
INSERT INTO `VIPRR`.`Transcript` (`CWID`, `Maj_Code`, `Curriculum_ID`, `Course_Comp`, `Term_Completed`, `Course_Grade`, `Course_Code`) VALUES ('C14869607', 'CIS', '7489', 'Y', 'S19', 'C+', 'CIS332');
INSERT INTO `VIPRR`.`Transcript` (`CWID`, `Maj_Code`, `Curriculum_ID`, `Course_Comp`, `Term_Completed`, `Course_Grade`, `Course_Code`) VALUES ('C14869607', 'CIS', '7489', 'A', 'F19', DEFAULT, 'CIS490');
INSERT INTO `VIPRR`.`Transcript` (`CWID`, `Maj_Code`, `Curriculum_ID`, `Course_Comp`, `Term_Completed`, `Course_Grade`, `Course_Code`) VALUES ('C14869607', 'CIS', '7489', 'A', 'F19', DEFAULT, 'CIS308');

COMMIT;

